{
  "feature_set": "A",
  "min_test_anoms": 5,
  "folds": 5,
  "models": {
    "LogisticRegression": {
      "precision": {
        "mean": 0.28351573187414497,
        "std": 0.1706371007190823
      },
      "recall": {
        "mean": 0.6122222222222222,
        "std": 0.3179874987837038
      },
      "f1": {
        "mean": 0.37366509366509365,
        "std": 0.20021700846684945
      },
      "f2": {
        "mean": 0.4780611384229806,
        "std": 0.240548598348356
      },
      "pr_auc": {
        "mean": 0.6632135119379273,
        "std": 0.01728146093196544
      }
    },
    "RandomForest": {
      "precision": {
        "mean": 0.3815367965367965,
        "std": 0.15364004123338854
      },
      "recall": {
        "mean": 0.4177777777777777,
        "std": 0.2962814811110926
      },
      "f1": {
        "mean": 0.32511181959382923,
        "std": 0.04558395692815806
      },
      "f2": {
        "mean": 0.34588509969415127,
        "std": 0.12710310112667178
      },
      "pr_auc": {
        "mean": 0.48064288728726423,
        "std": 0.03169379446614348
      }
    },
    "GradientBoosting": {
      "precision": {
        "mean": 0.6325252525252525,
        "std": 0.13194007290617155
      },
      "recall": {
        "mean": 0.8133333333333332,
        "std": 0.22248872908060136
      },
      "f1": {
        "mean": 0.6784126984126985,
        "std": 0.12007220469843914
      },
      "f2": {
        "mean": 0.7422466727739623,
        "std": 0.15930961459695525
      },
      "pr_auc": {
        "mean": 0.8591576672423151,
        "std": 0.05110787714133551
      }
    }
  },
  "best_model": "GradientBoosting",
  "calibration": {
    "sigmoid": {
      "per_fold": [
        {
          "fold": 1,
          "threshold": 0.2621371148475293,
          "precision": 0.8571428571428571,
          "recall": 0.6666666666666666,
          "f1": 0.75,
          "f2": 0.6976744186046512,
          "pr_auc": 0.7980368215662335,
          "tp": 6,
          "fp": 1,
          "fn": 3,
          "tn": 140
        },
        {
          "fold": 2,
          "threshold": 0.2533729879256392,
          "precision": 0.875,
          "recall": 0.7777777777777778,
          "f1": 0.8235294117647058,
          "f2": 0.7954545454545454,
          "pr_auc": 0.7945526695526697,
          "tp": 7,
          "fp": 1,
          "fn": 2,
          "tn": 140
        },
        {
          "fold": 3,
          "threshold": 0.24786487213843222,
          "precision": 0.6363636363636364,
          "recall": 0.7,
          "f1": 0.6666666666666666,
          "f2": 0.6862745098039216,
          "pr_auc": 0.7468213493823249,
          "tp": 7,
          "fp": 4,
          "fn": 3,
          "tn": 136
        },
        {
          "fold": 4,
          "threshold": 0.2459689574300015,
          "precision": 0.7272727272727273,
          "recall": 0.6666666666666666,
          "f1": 0.6956521739130435,
          "f2": 0.6779661016949153,
          "pr_auc": 0.7478749241044323,
          "tp": 8,
          "fp": 3,
          "fn": 4,
          "tn": 135
        },
        {
          "fold": 5,
          "threshold": 0.08010469586965019,
          "precision": 0.2777777777777778,
          "recall": 0.7692307692307693,
          "f1": 0.40816326530612246,
          "f2": 0.5681818181818181,
          "pr_auc": 0.7415282225729365,
          "tp": 10,
          "fp": 26,
          "fn": 3,
          "tn": 111
        }
      ],
      "summary": {
        "precision": {
          "mean": 0.6747113997113997,
          "std": 0.21688075267125992
        },
        "recall": {
          "mean": 0.716068376068376,
          "std": 0.04852533523672318
        },
        "f1": {
          "mean": 0.6688023035301077,
          "std": 0.14084866251787753
        },
        "f2": {
          "mean": 0.6851102787479704,
          "std": 0.07219193084471043
        },
        "pr_auc": {
          "mean": 0.7657627974357194,
          "std": 0.02504611129713671
        }
      }
    }
  }
}