{
  "f2_opt": {
    "threshold": 0.02552304546293243,
    "precision": 0.47619047619047616,
    "recall": 0.9433962264150944,
    "f2": 0.7886435331230285,
    "alert_rate": 0.14,
    "alerts_per_1000": 140.0
  },
  "high_recall": {
    "threshold": 0.03515639204949146,
    "precision": 0.5102040816326531,
    "recall": 0.9433962264150944,
    "f2": 0.8064516129032259,
    "alert_rate": 0.13066666666666665,
    "alerts_per_1000": 130.66666666666666
  },
  "alert_budget_5p": {
    "threshold": 0.8508717791898984,
    "precision": 1.0,
    "recall": 0.39622641509433965,
    "f2": 0.4506437768240344,
    "alert_rate": 0.028,
    "alerts_per_1000": 28.0
  }
}