{
  "precision": 0.5555555555555556,
  "recall": 0.7692307692307693,
  "f1": 0.6451612903225806,
  "roc_auc": 0.9598662207357859,
  "pr_auc": 0.6516808028572734
}