model,threshold,precision,recall,f1,roc_auc,pr_auc,positive_rate_true,alert_rate_pred,precision_at_1p,recall_at_1p,precision_at_2p,recall_at_2p,precision_at_5p,recall_at_5p,precision_at_10p,recall_at_10p
RandomForest_base,0.3850055452125217,0.5555555555555556,0.7692307692307693,0.6451612903225806,0.9598662207357859,0.6516808028572734,0.08291708291708291,0.09290709290709291,1.0,0.07692307692307693,1.0,0.23076923076923078,0.5714285714285714,0.3076923076923077,0.5333333333333333,0.6153846153846154
