{
  "model": "RandomForest_base",
  "threshold": 0.3850055452125217,
  "precision": 0.5555555555555556,
  "recall": 0.7692307692307693,
  "f1": 0.6451612903225806,
  "roc_auc": 0.9598662207357859,
  "pr_auc": 0.6516808028572734,
  "positive_rate_true": 0.08291708291708291,
  "alert_rate_pred": 0.09290709290709291,
  "precision_at_1p": 1.0,
  "recall_at_1p": 0.07692307692307693,
  "precision_at_2p": 1.0,
  "recall_at_2p": 0.23076923076923078,
  "precision_at_5p": 0.5714285714285714,
  "recall_at_5p": 0.3076923076923077,
  "precision_at_10p": 0.5333333333333333,
  "recall_at_10p": 0.6153846153846154
}