fold,train_start,train_end,val_start,val_end,test_start,test_end,threshold,precision,recall,f1,f2,pr_auc,tp,fp,fn,tn
1,0,599,600,749,750,899,0.004090595529605454,0.7272727272727273,0.8888888888888888,0.8,0.851063829787234,0.8169342577388554,8,3,1,138
2,0,624,625,774,775,924,0.02070196679110029,0.7777777777777778,0.7777777777777778,0.7777777777777778,0.7777777777777778,0.8301617709663687,7,2,2,139
3,0,649,650,799,800,949,0.19328701569451104,0.6666666666666666,0.4,0.5,0.43478260869565216,0.8079198770578081,4,2,6,138
4,0,674,675,824,825,974,0.005123115271113482,0.4,1.0,0.5714285714285714,0.7692307692307692,0.9078699078699078,12,18,0,120
5,0,699,700,849,850,999,0.012482177672164458,0.5909090909090909,1.0,0.7428571428571429,0.8783783783783784,0.9329025225786358,13,9,0,128
