{
  "precision": {
    "mean": 0.6325252525252525,
    "std": 0.13194007290617155
  },
  "recall": {
    "mean": 0.8133333333333332,
    "std": 0.22248872908060136
  },
  "f1": {
    "mean": 0.6784126984126985,
    "std": 0.12007220469843914
  },
  "f2": {
    "mean": 0.7422466727739623,
    "std": 0.15930961459695525
  },
  "pr_auc": {
    "mean": 0.8591576672423151,
    "std": 0.05110787714133551
  },
  "folds": 5,
  "min_test_anoms": 5
}